{
  "name": "Eternal Return: Black Survival - Soothsayer Theme",
  "version": "1.0.0",
  "author": "Crow",
  "folderName": "erbs",
  "description": "A set of overlays designed by Crow for Eternal Return: Black Survival.",
  "links": {
    "twitter": "watch_crow",
    "kofi": "crowverlays"
  },
  "license": {
    "name": "CC BY-NC-ND 4.0",
    "link": "https://creativecommons.org/licenses/by-nc-nd/4.0/",
    "image": "https://i.creativecommons.org/l/by-nc-nd/4.0/88x31.png",
    "long": "The files in this theme, with the exception of the fonts, are licensed under a Creative Commons Attribution-NonCommercial-NoDerivatives 4.0 International License."
  }
}
